TDSFU Daily run: Mon Oct 27 17:12:02 UTC 2025 TDSFU
TDSFU Daily run: Tue Oct 28 04:45:27 UTC 2025 TDSFU
TDSFU Daily run: Wed Oct 29 04:50:05 UTC 2025 TDSFU
TDSFU Daily run: Thu Oct 30 04:45:09 UTC 2025 TDSFU
TDSFU Daily run: Fri Oct 31 04:58:09 UTC 2025 TDSFU
TDSFU Daily run: Sat Nov  1 04:41:11 UTC 2025 TDSFU
TDSFU Daily run: Sun Nov  2 04:44:17 UTC 2025 TDSFU
TDSFU Daily run: Mon Nov  3 04:51:35 UTC 2025 TDSFU
TDSFU Daily run: Tue Nov  4 04:45:32 UTC 2025 TDSFU
TDSFU Daily run: Wed Nov  5 04:46:26 UTC 2025 TDSFU
TDSFU Daily run: Thu Nov  6 04:50:17 UTC 2025 TDSFU
